SCORMパッケージ:確認テスト（プロジェクトマネジメント） (実データ),SCORMパッケージ:確認テスト（基礎UML言語) (実データ),SCORMパッケージ:確認テスト（Linux入門） (実データ),SCORMパッケージ:確認テスト（アルゴリズム入門） (実データ),SCORMパッケージ:確認テスト（基礎Javaプログラム言語） (実データ),SCORMパッケージ:確認テスト（クラウド・コンピューティング特論） (実データ),小テスト:確認テスト（ネットワーク基礎技術） (実データ),小テスト:確認テスト（システム開発の基礎） (実データ)
-,-,-,-,-,-,-,-
-,-,-,-,-,-,-,-
-,-,100.00,-,-,-,-,-
-,-,-,-,-,-,-,-
-,-,-,-,-,-,-,-
-,-,-,-,-,-,-,-
-,-,-,-,-,-,-,-
-,-,100.00,85.00,-,-,-,-
-,-,-,-,-,-,-,-
-,-,-,-,-,-,-,-
-,-,-,-,-,-,-,-
-,-,-,-,-,-,-,-
-,-,-,-,-,-,-,-
-,-,-,-,-,-,-,-
-,-,-,-,-,-,-,-
-,-,-,-,-,-,-,-
-,-,-,-,-,-,-,-
90.00,-,-,95.00,95.00,-,8.00,9.00
-,-,-,-,-,-,-,-
-,-,-,-,-,-,-,-
-,-,10.00,-,-,-,-,-
-,-,100.00,-,-,-,-,-
-,-,100.00,-,-,-,-,-
-,-,-,-,-,-,-,-
-,-,-,-,55.00,-,-,-
-,-,-,-,-,-,-,-
-,-,25.00,-,-,-,-,-
-,-,-,-,-,-,-,-
-,-,100.00,-,-,-,-,-
